Lot,Vitrox ID,Recipe,Start Time,End Time,Yield,Total Inspected,Total Reject,Output Mode,Invalid 3D,Invalid Mark,Invalid uCrack,BX,BY
4997378.1,1,SKY55446+REV1,2024/11/22 16:01:01,2024/11/22 20:10:53,,,,,,,,,
4997378.1,1,SKY55446+REV1,2024/11/22 16:01:01,2024/11/22 20:10:53,,,,,,,,,
4997378.1,6VTRX07,SKY55446+REV16,2024/11/22 16:01:01,2024/11/22 20:10:53,98.306%,12573,213,,28,0,1,0,0
4997378.1,1,SKY55446+REV1,2024/11/22 16:01:01,2024/11/22 21:03:36,,,,,,,,,
4997378.1,1,SKY55446+REV1,2024/11/22 16:01:01,2024/11/22 21:03:36,,,,,,,,,
4997378.1,6VTRX07,SKY55446+REV16,2024/11/22 16:01:01,2024/11/22 21:03:36,99.537%,12532,58,,26,0,0,0,0
4997378.1,1,SKY55446+REV1,2024/11/22 16:01:01,2024/11/22 19:52:10,,,,,,,,,
4997378.1,1,SKY55446+REV1,2024/11/22 16:01:01,2024/11/22 19:52:10,,,,,,,,,
4997378.1,6VTRX07,SKY55446+REV16,2024/11/22 16:01:01,2024/11/22 19:52:10,98.530%,12520,184,,1,0,1,0,0
4998473.1,,SKY55446+REV1,2024/11/26 09:35:09,2024/11/26 12:42:03,,,,,,,,,
4998473.1,,SKY55446+REV1,2024/11/26 09:35:09,2024/11/26 12:42:03,,,,,,,,,
4998473.1,6VTRX07,SKY55446+REV18,2024/11/26 09:35:09,2024/11/26 12:42:03,99.442%,13805,77,,0,2,4,0,0
4998473.1,,SKY55446+REV1,2024/11/26 09:35:09,2024/11/26 14:12:16,,,,,,,,,
4998473.1,,SKY55446+REV1,2024/11/26 09:35:09,2024/11/26 14:12:16,,,,,,,,,
4998473.1,6VTRX07,SKY55446+REV18,2024/11/26 09:35:09,2024/11/26 14:12:16,99.889%,15258,17,,0,1,0,0,0
4998473.1,,SKY55446+REV1,2024/11/26 09:35:09,2024/11/26 15:50:13,,,,,,,,,
4998473.1,,SKY55446+REV1,2024/11/26 09:35:09,2024/11/26 15:50:13,,,,,,,,,
4998473.1,6VTRX07,SKY55446+REV18,2024/11/26 09:35:09,2024/11/26 15:50:13,99.525%,17069,81,,4,0,1,0,0
4998473.1,,SKY55446+REV1,2024/11/26 09:35:09,2024/11/26 17:12:58,,,,,,,,,
4998473.1,,SKY55446+REV1,2024/11/26 09:35:09,2024/11/26 17:12:58,,,,,,,,,
4998473.1,6VTRX07,SKY55446+REV18,2024/11/26 09:35:09,2024/11/26 17:12:58,99.777%,17061,38,,7,0,0,0,0
4998473.1,,SKY55446+REV1,2024/11/26 09:35:09,2024/11/26 09:37:30,,,,,,,,,
4998473.1,6VTRX07,SKY55446+REV18,2024/11/26 09:35:09,2024/11/26 09:37:30,0.000%,0,0,,0,0,0,0,0
5010430.1,1,SKY55446+REV1,2024/11/21 13:30:53,2024/11/22 08:25:29,,,,,,,,,
5010430.1,1,SKY55446+REV1,2024/11/21 13:30:53,2024/11/22 08:25:29,,,,,,,,,
5010430.1,6VTRX07,SKY55446+REV15,2024/11/21 13:30:53,2024/11/22 08:25:29,98.232%,11707,207,,0,21,4,0,1
5010430.1,1,SKY55446+REV1,2024/11/21 13:30:53,2024/11/22 12:52:13,,,,,,,,,
5010430.1,1,SKY55446+REV1,2024/11/21 13:30:53,2024/11/22 12:52:13,,,,,,,,,
5010430.1,6VTRX07,SKY55446+REV16,2024/11/21 13:30:53,2024/11/22 12:52:13,97.252%,21140,581,,8,0,6,0,0
5010430.1,1,SKY55446+REV1,2024/11/21 13:30:53,2024/11/22 14:44:15,,,,,,,,,
5010430.1,1,SKY55446+REV1,2024/11/21 13:30:53,2024/11/22 14:44:15,,,,,,,,,
5010430.1,6VTRX07,SKY55446+REV16,2024/11/21 13:30:53,2024/11/22 14:44:15,98.865%,21152,240,,13,0,1,0,0
5010430.1,1,SKY55446+REV1,2024/11/21 13:30:53,2024/11/22 00:46:38,,,,,,,,,
5010430.1,1,SKY55446+REV1,2024/11/21 13:30:53,2024/11/22 00:46:38,,,,,,,,,
5010430.1,6VTRX07,SKY55446+REV15,2024/11/21 13:30:53,2024/11/22 00:46:38,98.293%,12125,207,,0,21,4,0,1
5010432.1,,SKY55446+REV1,2024/11/25 23:57:20,2024/11/26 09:32:59,,,,,,,,,
5010432.1,,SKY55446+REV1,2024/11/25 23:57:20,2024/11/26 09:32:59,,,,,,,,,
5010432.1,6VTRX07,SKY55446+REV18,2024/11/25 23:57:20,2024/11/26 09:32:59,99.771%,21402,49,,2,0,0,0,0
5010432.1,,SKY55446+REV1,2024/11/25 23:57:20,2024/11/26 07:59:04,,,,,,,,,
5010432.1,,SKY55446+REV1,2024/11/25 23:57:20,2024/11/26 07:59:04,,,,,,,,,
5010432.1,6VTRX07,SKY55446+REV18,2024/11/25 23:57:20,2024/11/26 07:59:04,98.789%,21299,258,,1,0,3,0,0
5013957.1,,SKY55446+REV1,2024/11/24 03:09:36,2024/11/24 13:54:00,,,,,,,,,
5013957.1,,SKY55446+REV1,2024/11/24 03:09:36,2024/11/24 13:54:00,,,,,,,,,
5013957.1,6VTRX07,SKY55446+REV16,2024/11/24 03:09:36,2024/11/24 13:54:00,95.591%,21458,946,,96,0,1,0,0
5013957.1,,SKY55446+REV1,2024/11/24 03:09:36,2024/11/24 14:21:04,,,,,,,,,
5013957.1,,SKY55446+REV1,2024/11/24 03:09:36,2024/11/24 14:21:04,,,,,,,,,
5013957.1,6VTRX07,SKY55446+REV16,2024/11/24 03:09:36,2024/11/24 14:21:04,99.059%,20835,196,,83,0,0,0,0
5013957.1,,SKY55446+REV1,2024/11/24 03:09:36,2024/11/24 11:18:28,,,,,,,,,
5013957.1,,SKY55446+REV1,2024/11/24 03:09:36,2024/11/24 11:18:28,,,,,,,,,
5013957.1,6VTRX07,SKY55446+REV16,2024/11/24 03:09:36,2024/11/24 11:18:28,82.706%,21482,3715,,57,3,6,0,0
5013957.2,,SKY55446+REV1,2024/11/25 03:34:42,2024/11/25 07:52:28,,,,,,,,,
5013957.2,,SKY55446+REV1,2024/11/25 03:34:42,2024/11/25 07:52:28,,,,,,,,,
5013957.2,6VTRX07,SKY55446+REV17,2024/11/25 03:34:42,2024/11/25 07:52:28,99.497%,9943,50,,19,0,0,0,0
5013957.2,,SKY55446+REV1,2024/11/25 03:34:42,2024/11/25 06:47:01,,,,,,,,,
5013957.2,,SKY55446+REV1,2024/11/25 03:34:42,2024/11/25 06:47:01,,,,,,,,,
5013957.2,6VTRX07,SKY55446+REV17,2024/11/25 03:34:42,2024/11/25 06:47:01,97.924%,9924,206,,117,4,3,0,0
5013959.1,,SKY55446+REV1,2024/11/25 09:04:42,2024/11/25 09:16:34,,,,,,,,,
5013959.1,,SKY55446+REV1,2024/11/25 09:04:42,2024/11/25 09:16:34,,,,,,,,,
5013959.1,6VTRX07,SKY55446+REV18,2024/11/25 09:04:42,2024/11/25 09:16:34,99.194%,869,7,,0,0,0,0,0
5013959.2,,SKY55446+REV1,2024/11/25 10:27:52,2024/11/25 17:06:03,,,,,,,,,
5013959.2,,SKY55446+REV1,2024/11/25 10:27:52,2024/11/25 17:06:03,,,,,,,,,
5013959.2,6VTRX07,SKY55446+REV18,2024/11/25 10:27:52,2024/11/25 17:06:03,99.564%,21545,94,,5,0,1,0,0
5013959.2,,SKY55446+REV1,2024/11/25 10:27:52,2024/11/25 17:14:44,,,,,,,,,
5013959.2,,SKY55446+REV1,2024/11/25 10:27:52,2024/11/25 17:14:44,,,,,,,,,
5013959.2,6VTRX07,SKY55446+REV18,2024/11/25 10:27:52,2024/11/25 17:14:44,100.000%,21451,0,,0,0,0,0,0
5013959.2,,SKY55446+REV1,2024/11/25 10:27:52,2024/11/25 16:36:33,,,,,,,,,
5013959.2,,SKY55446+REV1,2024/11/25 10:27:52,2024/11/25 16:36:33,,,,,,,,,
5013959.2,6VTRX07,SKY55446+REV18,2024/11/25 10:27:52,2024/11/25 16:36:33,98.750%,21524,269,,5,2,1,0,0
5013961.1,,SKY55446+REV1,2024/11/23 16:45:40,2024/11/24 02:10:40,,,,,,,,,
5013961.1,,SKY55446+REV1,2024/11/23 16:45:40,2024/11/24 02:10:40,,,,,,,,,
5013961.1,6VTRX07,SKY55446+REV16,2024/11/23 16:45:40,2024/11/24 02:10:40,99.211%,21289,168,,9,0,0,0,0
5013961.1,1,SKY55446+REV1,2024/11/23 16:45:40,2024/11/23 17:15:05,,,,,,,,,
5013961.1,6VTRX07,SKY55446+REV16,2024/11/23 16:45:40,2024/11/23 17:15:05,100.000%,54,0,,0,0,0,0,0
5013963.1,,SKY55446+REV1,2024/11/25 17:28:32,2024/11/25 23:30:35,,,,,,,,,
5013963.1,,SKY55446+REV1,2024/11/25 17:28:32,2024/11/25 23:30:35,,,,,,,,,
5013963.1,6VTRX07,SKY55446+REV18,2024/11/25 17:28:32,2024/11/25 23:30:35,98.336%,17067,284,,1,0,0,0,0
5013963.1,,SKY55446+REV1,2024/11/25 17:28:32,2024/11/25 22:06:33,,,,,,,,,
5013963.1,,SKY55446+REV1,2024/11/25 17:28:32,2024/11/25 22:06:33,,,,,,,,,
5013963.1,6VTRX07,SKY55446+REV18,2024/11/25 17:28:32,2024/11/25 22:06:33,96.688%,17057,565,,1,1,1,0,0
5013965.1,,SKY55446+REV1,2024/11/24 20:00:48,2024/11/25 03:22:46,,,,,,,,,
5013965.1,,SKY55446+REV1,2024/11/24 20:00:48,2024/11/25 03:22:46,,,,,,,,,
5013965.1,6VTRX07,SKY55446+REV17,2024/11/24 20:00:48,2024/11/25 03:22:46,99.856%,21515,31,,0,0,0,0,0
5013965.1,,SKY55446+REV1,2024/11/24 20:00:48,2024/11/25 01:21:12,,,,,,,,,
5013965.1,,SKY55446+REV1,2024/11/24 20:00:48,2024/11/25 01:21:12,,,,,,,,,
5013965.1,6VTRX07,SKY55446+REV17,2024/11/24 20:00:48,2024/11/25 01:21:12,99.367%,21492,136,,1,1,4,0,0
5013968.1,1,SKY55446+REV1,2024/11/22 21:35:05,2024/11/23 11:28:59,,,,,,,,,
5013968.1,1,SKY55446+REV1,2024/11/22 21:35:05,2024/11/23 11:28:59,,,,,,,,,
5013968.1,6VTRX07,SKY55446+REV16,2024/11/22 21:35:05,2024/11/23 11:28:59,99.598%,21413,86,,16,3,4,0,0
5013968.1,1,SKY55446+REV1,2024/11/22 21:35:05,2024/11/23 12:19:24,,,,,,,,,
5013968.1,1,SKY55446+REV1,2024/11/22 21:35:05,2024/11/23 12:19:24,,,,,,,,,
5013968.1,6VTRX07,SKY55446+REV16,2024/11/22 21:35:05,2024/11/23 12:19:24,99.842%,21535,34,,2,0,0,0,0
5013968.1,1,SKY55446+REV1,2024/11/22 21:35:05,2024/11/23 04:39:49,,,,,,,,,
5013968.1,1,SKY55446+REV1,2024/11/22 21:35:05,2024/11/23 04:39:49,,,,,,,,,
5013968.1,6VTRX07,SKY55446+REV16,2024/11/22 21:35:05,2024/11/23 04:39:49,40.263%,6624,3957,,0,0,2,0,0
5013973.1,,SKY55446+REV1,2024/11/24 14:48:02,2024/11/24 18:51:00,,,,,,,,,
5013973.1,,SKY55446+REV1,2024/11/24 14:48:02,2024/11/24 18:51:00,,,,,,,,,
5013973.1,6VTRX07,SKY55446+REV17,2024/11/24 14:48:02,2024/11/24 18:51:00,95.679%,17011,735,,8,5,1,0,0
5013973.1,,SKY55446+REV1,2024/11/24 14:48:02,2024/11/24 19:41:44,,,,,,,,,
5013973.1,,SKY55446+REV1,2024/11/24 14:48:02,2024/11/24 19:41:44,,,,,,,,,
5013973.1,6VTRX07,SKY55446+REV17,2024/11/24 14:48:02,2024/11/24 19:41:44,99.607%,17031,67,,12,0,0,0,0
5013973.1,,SKY55446+REV1,2024/11/24 14:48:02,2024/11/24 14:50:07,,,,,,,,,
5013973.1,6VTRX07,SKY55446+REV16,2024/11/24 14:48:02,2024/11/24 14:50:07,0.000%,0,0,,0,0,0,0,0
NO RETEST,1,SKY55446+REV14_TEST ONL,2024/11/20 10:13:08,2024/11/20 10:26:55,,,,,,,,,
NO RETEST,1,SKY55446+REV14_TEST ONL,2024/11/20 10:13:08,2024/11/20 10:26:55,,,,,,,,,
NO RETEST,6VTRX07,SKY55446+REV14_TEST ONLY,2024/11/20 10:13:08,2024/11/20 10:26:55,89.688%,640,66,,18,0,0,0,0
NORETEST,1,SKY55446+REV14_TEST ONL,2024/11/21 11:17:10,2024/11/21 11:33:28,,,,,,,,,
NORETEST,1,SKY55446+REV14_TEST ONL,2024/11/21 11:17:10,2024/11/21 11:33:28,,,,,,,,,
NORETEST,6VTRX07,SKY55446+REV14_TEST ONLY,2024/11/21 11:17:10,2024/11/21 11:33:28,91.850%,638,52,,3,,1,,
RETEST,1,SKY55446+REV14_TEST ONL,2024/11/21 11:35:03,2024/11/21 11:57:24,,,,,,,,,
RETEST,1,SKY55446+REV14_TEST ONL,2024/11/21 11:35:03,2024/11/21 11:57:24,,,,,,,,,
RETEST,6VTRX07,SKY55446+REV14_TEST ONLY,2024/11/21 11:35:03,2024/11/21 11:57:24,93.260%,638,43,,4,,1,,
SORT,1,SKY55446+REV14_TEST ONL,2024/11/21 10:24:04,2024/11/21 10:29:45,,,,,,,,,
SORT,6VTRX07,SKY55446+REV14_TEST ONLY,2024/11/21 10:24:04,2024/11/21 10:29:45,0.000%,0,0,,0,,,,
SORTIN,1,SKY55446+REV14_TEST ONL,2024/11/21 10:35:23,2024/11/21 11:02:39,,,,,,,,,
SORTIN,1,SKY55446+REV14_TEST ONL,2024/11/21 10:35:23,2024/11/21 11:02:39,,,,,,,,,
SORTIN,6VTRX07,SKY55446+REV14_TEST ONLY,2024/11/21 10:35:23,2024/11/21 11:02:39,95.298%,638,30,,17,,,,
SORTING,1,SKY55446+REV14_TEST ONL,2024/11/21 10:32:46,2024/11/21 10:33:27,,,,,,,,,
SORTING,6VTRX07,SKY55446+REV14_TEST ONLY,2024/11/21 10:32:46,2024/11/21 10:33:27,0.000%,0,0,,0,,,,
WITH RETEST,1,SKY55446+REV14_TEST ONL,2024/11/20 10:28:42,2024/11/20 10:50:29,,,,,,,,,
WITH RETEST,1,SKY55446+REV14_TEST ONL,2024/11/20 10:28:42,2024/11/20 10:50:29,,,,,,,,,
WITH RETEST,6VTRX07,SKY55446+REV14_TEST ONLY,2024/11/20 10:28:42,2024/11/20 10:50:29,90.625%,640,60,,18,0,0,0,0
2172731.1 K307 RESCAN,6VTRX08,SKY58470+STR+REV1,2024/11/22 17:22:38,2024/11/22 17:33:11,79.936 %,,63,,48,,,,
2172731.1 K307,6VTRX08,SKY58470+STR+REV1,2024/11/22 16:40:27,2024/11/22 17:19:40,82.953 %,,314,,266,,,,
2172731.1 RESCAN,6VTRX08,SKY58470+STR+REV1,2024/11/22 16:10:06,2024/11/22 16:21:52,74.801 %,,95,,77,,,,
2172731.1,6VTRX08,SKY58470+STR+REV1,2024/11/22 14:30:48,2024/11/22 16:04:32,79.731 %,,377,,341,,,,
2175792.1 STR RESCAN,6VTRX08,SKY53938-11 STR,2024/11/24 20:24:14,2024/11/24 20:32:14,32.283 %,,86,,14,,,,
2175792.1 STR V1 RESCAN,6VTRX08,SKY53938-11 STR,2024/11/24 16:27:12,2024/11/24 16:54:22,43.564 %,,57,,15,,,,
2175792.1 STR V1,6VTRX08,SKY53938-11 STR,2024/11/24 15:44:40,2024/11/24 16:00:00,22.901 %,,101,,17,,,,
2175792.1 STR V2,6VTRX08,SKY53938-11 STR,2024/11/24 17:19:27,2024/11/24 17:32:11,14.961 %,,108,,7,,,,
2175792.1 STR V3 RESCAN,6VTRX08,SKY53938-11 STR,2024/11/24 23:56:45,2024/11/25 00:03:02,10.891 %,,90,,41,,,,
2175792.1 STR V3,6VTRX08,SKY53938-11 STR,2024/11/24 20:41:56,2024/11/24 22:12:37,21.094 %,,101,,45,,,,
2175792.1 STRV1,6VTRX08,SKY53938-11 STR,2024/11/25 14:45:28,2024/11/25 14:50:03,0.000 %,,55,,8,,,,
2175792.1 STRV2,6VTRX08,SKY53938-11 STR,2024/11/25 15:02:47,2024/11/25 15:08:51,1.163 %,,85,,11,,,,
2175792.1 STRV3,6VTRX08,SKY53938-11 STR,2024/11/25 15:16:08,2024/11/25 15:22:26,0.000 %,,90,,22,,,,
4984978.1,6VTRX08,SKY55446+REV12,2024/11/24 01:48:03,2024/11/24 08:32:05,99.541 %,,98,,42,5,7,0,0
4984978.1,6VTRX08,SKY55446+REV12,2024/11/24 01:48:03,2024/11/24 07:44:37,94.621 %,,1143,,22,64,992,1,3
4997387.1,6VTRX08,SKY55446+REV12,2024/11/26 08:23:17,2024/11/26 11:58:48,99.799 %,,34,,11,0,0,0,0
4997387.1,6VTRX08,SKY55446+REV12,2024/11/26 08:23:17,2024/11/26 11:20:08,98.822 %,,199,,7,1,96,0,0
5013958.1,6VTRX08,SKY55446+REV13,2024/11/24 09:37:01,2024/11/24 14:25:08,88.885 %,,1728,,11,164,23,2,5
5013958.2,6VTRX08,SKY55446+REV13,2024/11/25 07:00:29,2024/11/25 09:43:34,98.610 %,,138,,19,0,11,0,0
5013958.2,6VTRX08,SKY55446+REV13,2024/11/25 07:00:29,2024/11/25 09:15:01,92.493 %,,740,,16,13,69,0,0
5013960.1,6VTRX08,SKY55446+REV12,2024/11/20 19:24:59,2024/11/21 00:25:00,99.785 %,,46,,6,1,0,0,0
5013960.1,6VTRX08,SKY55446+REV12,2024/11/20 19:24:59,2024/11/20 23:57:28,98.225 %,,381,,27,122,27,1,9
5013964.1,6VTRX08,SKY55446+REV12,2024/11/25 15:54:53,2024/11/25 23:31:40,99.786 %,,46,,6,2,0,0,0
5013964.1,6VTRX08,SKY55446+REV12,2024/11/25 15:54:53,2024/11/25 22:02:52,97.770 %,,491,,6,96,167,6,20
5013966.1,6VTRX08,SKY55446+REV12,2024/11/23 10:06:32,2024/11/23 17:05:22,99.290 %,,152,,12,8,11,0,0
5013966.1,6VTRX08,SKY55446+REV12,2024/11/23 10:06:32,2024/11/23 16:15:20,97.892 %,,449,,14,46,68,2,2
5013967.1,6VTRX08,SKY55446+REV12,2024/11/26 06:27:15,2024/11/26 07:22:34,89.808 %,,159,,11,10,34,0,0
5013969.1,6VTRX08,SKY55446+REV12,2024/11/21 01:09:24,2024/11/21 07:23:39,99.631 %,,79,,24,0,1,1,0
5013969.1,6VTRX08,SKY55446+REV12,2024/11/21 01:09:24,2024/11/21 05:50:36,97.099 %,,628,,13,115,137,2,1
5013971.1,6VTRX08,SKY55446+REV13,2024/11/25 09:47:49,2024/11/25 14:09:27,99.462 %,,116,,31,1,33,0,0
5013971.1,6VTRX08,SKY55446+REV13,2024/11/25 09:47:49,2024/11/25 13:36:47,96.564 %,,737,,8,28,525,0,0
5015321.1,6VTRX08,SKY55446+REV12,2024/11/23 17:30:09,2024/11/24 01:01:11,99.402 %,,128,,25,0,0,0,0
5015321.1,6VTRX08,SKY55446+REV12,2024/11/23 17:30:09,2024/11/24 00:05:43,93.987 %,,1298,,54,49,817,0,0
HANDLING,6VTRX08,SKY55446+REV13_TESTING,2024/11/27 10:38:14,2024/11/27 11:23:57,87.500 %,,10,,10,,10,,
NR,6VTRX08,SKY55446+REV12_TEST,2024/11/20 09:30:33,2024/11/20 09:36:05,0.000 %,,80,,80,0,0,0,0
NRT,6VTRX08,SKY55446+REV12_TEST,2024/11/20 09:49:31,2024/11/20 09:55:06,84.375 %,,5,,5,0,0,0,0
ROLLO 1,6VTRX08,SKY55446+REV13,2024/11/27 15:09:16,2024/11/27 15:16:33,100.000 %,,0,,0,0,0,0,0
TEST 1.8X1.6 2,6VTRX08,SKY55476-12 STR,2024/11/21 07:48:14,2024/11/21 15:22:14,95.692 %,,108,,102,,,,
TEST 1.8X1.6 2,6VTRX08,SKY55476-12 STR,2024/11/21 07:48:14,2024/11/21 11:09:55,88.260 %,,249,,242,,,,
TEST 1.8X1.6,6VTRX08,SKY55446+REV12,2024/11/20 16:40:43,2024/11/20 17:34:17,0.000 %,,92,,92,0,0,0,0
TEST ROLLO 1,6VTRX08,SKY55446+REV13,2024/11/27 15:19:55,2024/11/27 16:33:17,96.472 %,,61,,52,0,5,0,0
TEST ROLLO 1,6VTRX08,SKY55446+REV13,2024/11/27 15:19:55,2024/11/27 17:06:52,94.657 %,,95,,20,7,13,0,0
TEST ROLLO 1,6VTRX08,SKY55446+REV13,2024/11/27 15:19:55,2024/11/27 17:13:54,100.000 %,,0,,0,0,0,0,0
TEST ROLLO 1,6VTRX08,SKY55446+REV13,2024/11/27 15:19:55,2024/11/27 16:26:29,92.660 %,,130,,48,0,12,0,0
