Lot,Vitrox ID,Recipe,Start Time,End Time,Yield,Total Inspected,Total Reject
32493550.2,,SKY55446+REV,10/4/2024 2:21,10/4/2024 2:56,,,
32493550.2,6VTRX07,SKY55446+REV1,10/4/2024 2:21,10/4/2024 2:56,100.00%,52,0
32493550.3,,SKY55446+REV,10/4/2024 3:03,10/4/2024 3:23,,,
32493550.3,,SKY55446+REV,10/4/2024 3:03,10/4/2024 3:23,,,
32493550.3,6VTRX07,SKY55446+REV1,10/4/2024 3:03,10/4/2024 3:23,100.00%,47,0
32493550.4,,SKY55446+REV,10/4/2024 3:33,10/4/2024 3:35,,,
32493550.4,6VTRX07,SKY55446+REV1,10/4/2024 3:33,10/4/2024 3:35,0.00%,0,0
32493550.5,,SKY55446+REV,10/4/2024 3:40,10/4/2024 3:46,,,
32493550.5,6VTRX07,SKY55446+REV1,10/4/2024 3:40,10/4/2024 3:46,0.00%,0,0
4920441.1 2,,SKY55446+REV,10/9/2024 10:17,10/10/2024 2:23,,,
4920441.1 2,,SKY55446+REV,10/9/2024 10:17,10/10/2024 2:23,,,
882,6VTRX07,SKY55446+REV2,D                START TIME    END TIME       TOTAL      REMARK,D                START TIME    END TIME       TOTAL      REMARK,98.33%,20669,346
4920441.1 2,,SKY55446+REV,10/9/2024 10:17,10/10/2024 0:52,,,
4920441.1 2,,SKY55446+REV,10/9/2024 10:17,10/10/2024 0:52,,,
750,6VTRX07,SKY55446+REV2,D                START TIME    END TIME       TOTAL      REMARK,D                START TIME    END TIME       TOTAL      REMARK,81.74%,23274,4249
4920441.1 3,,SKY55446+REV,10/10/2024 2:36,10/10/2024 3:15,,,
4920441.1 3,,SKY55446+REV,10/10/2024 2:36,10/10/2024 3:15,,,
,6VTRX07,SKY55446+REV2,D                START TIME    END TIME       TOTAL      REMARK,D                START TIME    END TIME       TOTAL      REMARK,100.00%,119,0
4920441.1 3,,SKY55446+REV,10/10/2024 2:36,10/10/2024 3:04,,,
4920441.1 3,,SKY55446+REV,10/10/2024 2:36,10/10/2024 3:04,,,
894,6VTRX07,SKY55446+REV2,D                START TIME    END TIME       TOTAL,D                START TIME    END TIME       TOTAL,34.29%,347,228
4920441.1,,SKY55446+REV,10/8/2024 17:33,10/8/2024 18:47,,,
4920441.1,,SKY55446+REV,10/8/2024 17:33,10/8/2024 18:47,,,
5,6VTRX07,SKY55446+REV2,D                START TIME    END TIME       TOTAL,D                START TIME    END TIME       TOTAL,79.83%,952,192
4920441.2,,SKY55446+REV,10/8/2024 19:09,10/8/2024 19:12,,,
,6VTRX07,SKY55446+REV2,D                START TIME    END TIME       TOTAL,D                START TIME    END TIME       TOTAL,0.00%,0,0
4920441.3,,SKY55446+REV,10/8/2024 19:25,10/8/2024 20:39,,,
4920441.3,,SKY55446+REV,10/8/2024 19:25,10/8/2024 20:39,,,
3,6VTRX07,SKY55446+REV2,D                START TIME    END TIME       TOTAL,D                START TIME    END TIME       TOTAL,73.37%,995,265
4920441.4,,SKY55446+REV,10/8/2024 20:46,10/8/2024 20:48,,,
,6VTRX07,SKY55446+REV2,D                START TIME    END TIME       TOTAL,D                START TIME    END TIME       TOTAL,0.00%,0,0
4920441.5,,SKY55446+REV,10/8/2024 22:16,10/9/2024 6:24,,,
4920441.5,,SKY55446+REV,10/8/2024 22:16,10/9/2024 6:24,,,
66,6VTRX07,SKY55446+REV2,D                START TIME    END TIME       TOTAL,D                START TIME    END TIME       TOTAL,77.14%,2660,608
4929225.1,,SKY55446+REV,10/4/2024 5:19,10/4/2024 5:25,,,
,6VTRX07,SKY55446+REV1,D                START TIME    END TIME       TOTAL,D                START TIME    END TIME       TOTAL,0.00%,0,0
4957491.1,,SKY55446+REV,10/1/2024 10:04,10/1/2024 17:06,,,
4957491.1,,SKY55446+REV,10/1/2024 10:04,10/1/2024 17:06,,,
930,6VTRX07,SKY55446+REV1,D                START TIME    END TIME       TOTAL      REMARK,D                START TIME    END TIME       TOTAL      REMARK,96.88%,21481,671
4957491.1,,SKY55446+REV,10/1/2024 10:04,10/1/2024 17:33,,,
4957491.1,,SKY55446+REV,10/1/2024 10:04,10/1/2024 17:33,,,
,6VTRX07,SKY55446+REV1,D                START TIME    END TIME       TOTAL      REMARK,D                START TIME    END TIME       TOTAL      REMARK,99.51%,21539,106
4957491.1,,SKY55446+REV,10/1/2024 10:04,10/1/2024 11:06,,,
4957491.1,,SKY55446+REV,10/1/2024 10:04,10/1/2024 11:06,,,
118,6VTRX07,SKY55446+REV1,D                START TIME    END TIME       TOTAL,D                START TIME    END TIME       TOTAL,97.68%,3108,72
4957492.1,,SKY55446+REV,10/13/2024 14:32,10/13/2024 19:57,,,
4957492.1,,SKY55446+REV,10/13/2024 14:32,10/13/2024 19:57,,,
,6VTRX07,SKY55446+REV3,D                START TIME    END TIME       TOTAL      REMARK,D                START TIME    END TIME       TOTAL      REMARK,98.10%,21467,409
4957492.1,,SKY55446+REV,10/13/2024 14:32,10/13/2024 19:06,,,
4957492.1,,SKY55446+REV,10/13/2024 14:32,10/13/2024 19:06,,,
788,6VTRX07,SKY55446+REV3,D                START TIME    END TIME       TOTAL      REMARK,D                START TIME    END TIME       TOTAL      REMARK,91.22%,21250,1865
4957493.1,,SKY55446+REV,10/12/2024 0:11,10/12/2024 5:27,,,
4957493.1,,SKY55446+REV,10/12/2024 0:11,10/12/2024 5:27,,,
950,6VTRX07,SKY55446+REV3,D                START TIME    END TIME       TOTAL      REMARK,D                START TIME    END TIME       TOTAL      REMARK,99.64%,21077,76
4957493.1,,SKY55446+REV,10/12/2024 0:11,10/12/2024 5:35,,,
4957493.1,,SKY55446+REV,10/12/2024 0:11,10/12/2024 5:35,,,
,6VTRX07,SKY55446+REV3,D                START TIME    END TIME       TOTAL      REMARK,D                START TIME    END TIME       TOTAL      REMARK,100.00%,21001,0
4957493.1,,SKY55446+REV,10/12/2024 0:11,10/12/2024 4:51,,,
4957493.1,,SKY55446+REV,10/12/2024 0:11,10/12/2024 4:51,,,
858,6VTRX07,SKY55446+REV3,D                START TIME    END TIME       TOTAL      REMARK,D                START TIME    END TIME       TOTAL      REMARK,96.07%,20903,821
4957913.1,,SKY55446+REV,10/15/2024 8:44,10/15/2024 13:48,,,
4957913.1,,SKY55446+REV,10/15/2024 8:44,10/15/2024 13:48,,,
,6VTRX07,SKY55446+REV3,D                START TIME    END TIME       TOTAL      REMARK,D                START TIME    END TIME       TOTAL      REMARK,98.76%,16781,208
4957913.1,,SKY55446+REV,10/15/2024 8:44,10/15/2024 13:21,,,
4957913.1,,SKY55446+REV,10/15/2024 8:44,10/15/2024 13:21,,,
443,6VTRX07,SKY55446+REV3,D                START TIME    END TIME       TOTAL      REMARK,D                START TIME    END TIME       TOTAL      REMARK,95.33%,16713,780
4957913.1DEP 2,,SKY55446+REV,10/20/2024 10:49,10/20/2024 13:34,,,
4957913.1DEP 2,6VTRX07,SKY55446+REV3,D                START TIME    END TIME       TOTAL      REMARK,D                START TIME    END TIME       TOTAL      REMARK,100.00%,11256,0
4957913.1DEP 3,,SKY55446+REV,10/20/2024 13:53,10/20/2024 15:04,,,
4957913.1DEP 3,6VTRX07,SKY55446+REV3,10/20/2024 13:53,10/20/2024 15:04,0.00%,0,0
4957913.1DEP 4,,SKY55446+REV,10/20/2024 16:37,10/20/2024 17:29,,,
4957913.1DEP 4,6VTRX07,SKY55446+REV3,D                START TIME    END TIME       TOTAL      REMARK,D                START TIME    END TIME       TOTAL      REMARK,99.98%,4893,1
4957913.1DEP,,SKY55446+REV,10/20/2024 10:40,10/20/2024 10:45,,,
4957913.1DEP,6VTRX07,SKY55446+REV3,10/20/2024 10:40,10/20/2024 10:45,0.00%,0,0
4957913.2,,SKY55446+REV,10/21/2024 8:25,10/21/2024 10:42,,,
4957913.2,,SKY55446+REV,10/21/2024 8:25,10/21/2024 10:42,,,
258,6VTRX07,SKY55446+REV3,D                START TIME    END TIME       TOTAL,D                START TIME    END TIME       TOTAL,95.16%,3391,164
4957913.2,,SKY55446+REV,10/21/2024 8:25,10/21/2024 8:27,,,
,6VTRX07,SKY55446+REV3,D                START TIME    END TIME       TOTAL,D                START TIME    END TIME       TOTAL,0.00%,0,0
4957913.2DEP,,SKY55446+REV,10/21/2024 10:48,10/21/2024 11:56,,,
4957913.2DEP,6VTRX07,SKY55446+REV3,D                START TIME    END TIME       TOTAL      REMARK,D                START TIME    END TIME       TOTAL      REMARK,99.80%,2529,5
4957913.3,,SKY55446+REV,10/21/2024 16:46,10/22/2024 1:24,,,
4957913.3,,SKY55446+REV,10/21/2024 16:46,10/22/2024 1:24,,,
,6VTRX07,SKY55446+REV3,D                START TIME    END TIME       TOTAL      REMARK,D                START TIME    END TIME       TOTAL      REMARK,98.48%,16417,250
4957913.3,,SKY55446+REV,10/21/2024 16:46,10/22/2024 0:28,,,
4957913.3,,SKY55446+REV,10/21/2024 16:46,10/22/2024 0:28,,,
388,6VTRX07,SKY55446+REV3,D                START TIME    END TIME       TOTAL      REMARK,D                START TIME    END TIME       TOTAL      REMARK,94.31%,16321,928
4957914.1,,SKY55446+REV,10/10/2024 7:03,10/10/2024 13:20,,,
4957914.1,,SKY55446+REV,10/10/2024 7:03,10/10/2024 13:20,,,
,6VTRX07,SKY55446+REV2,D                START TIME    END TIME       TOTAL      REMARK,D                START TIME    END TIME       TOTAL      REMARK,99.25%,21491,162
4957914.1,,SKY55446+REV,10/10/2024 7:03,10/10/2024 12:50,,,
4957914.1,,SKY55446+REV,10/10/2024 7:03,10/10/2024 12:50,,,
921,6VTRX07,SKY55446+REV2,D                START TIME    END TIME       TOTAL      REMARK,D                START TIME    END TIME       TOTAL      REMARK,97.37%,21274,559
4957915.1,,SKY55446+REV,10/2/2024 6:44,10/3/2024 22:54,,,
4957915.1,,SKY55446+REV,10/2/2024 6:44,10/3/2024 22:54,,,
953,6VTRX07,SKY55446+REV1,D                START TIME    END TIME       TOTAL,D                START TIME    END TIME       TOTAL,97.39%,9789,256
4957915.1,,SKY55446+REV,10/2/2024 6:44,10/3/2024 23:41,,,
4957915.1,,SKY55446+REV,10/2/2024 6:44,10/3/2024 23:41,,,
960,6VTRX07,SKY55446+REV1,D                START TIME    END TIME       TOTAL,D                START TIME    END TIME       TOTAL,98.09%,9788,187
4957915.1,,SKY55446+REV,10/2/2024 6:44,10/4/2024 1:30,,,
4957915.1,,SKY55446+REV,10/2/2024 6:44,10/4/2024 1:30,,,
,6VTRX07,SKY55446+REV1,D                START TIME    END TIME       TOTAL      REMARK,D                START TIME    END TIME       TOTAL      REMARK,98.05%,9792,191
4957915.1,,SKY55446+REV,10/2/2024 6:44,10/2/2024 6:50,,,
4957915.1.2,,SKY55446+REV,10/2/2024 7:06,10/2/2024 9:56,,,
4957915.1.2,,SKY55446+REV,10/2/2024 7:06,10/2/2024 9:56,,,
303,6VTRX07,SKY55446+REV1,D                START TIME    END TIME       TOTAL      REMARK,D                START TIME    END TIME       TOTAL      REMARK,96.39%,15081,545
4957915.1.2DEP,,SKY55446+REV,10/2/2024 10:16,10/2/2024 10:56,,,
4957915.1.2DEP,,SKY55446+REV,10/2/2024 10:16,10/2/2024 10:56,,,
4957915.1.2DEP,6VTRX07,SKY55446+REV1,D                START TIME    END TIME       TOTAL      REMARK,D                START TIME    END TIME       TOTAL      REMARK,100.00%,3036,0
4957915.1.3DEP,,SKY55446+REV,10/2/2024 11:28,10/2/2024 13:36,,,
4957915.1.3DEP,6VTRX07,SKY55446+REV1,D                START TIME    END TIME       TOTAL      REMARK,D                START TIME    END TIME       TOTAL      REMARK,100.00%,11484,0
,6VTRX07,SKY55446+REV1,D                START TIME    END TIME       TOTAL,D                START TIME    END TIME       TOTAL,0.00%,0,0
4957916.1,,SKY55446+REV,10/16/2024 16:38,10/17/2024 3:31,,,
4957916.1,,SKY55446+REV,10/16/2024 16:38,10/17/2024 3:31,,,
,6VTRX07,SKY55446+REV3,D                START TIME    END TIME       TOTAL      REMARK,D                START TIME    END TIME       TOTAL      REMARK,97.35%,21546,571
4957916.1,,SKY55446+REV,10/16/2024 16:38,10/17/2024 1:30,,,
4957916.1,,SKY55446+REV,10/16/2024 16:38,10/17/2024 1:30,,,
774,6VTRX07,SKY55446+REV3,D                START TIME    END TIME       TOTAL      REMARK,D                START TIME    END TIME       TOTAL      REMARK,90.10%,21363,2116
4957919.1,,SKY55446+REV,10/14/2024 1:57,10/14/2024 7:21,,,
4957919.1,,SKY55446+REV,10/14/2024 1:57,10/14/2024 7:21,,,
,6VTRX07,SKY55446+REV3,D                START TIME    END TIME       TOTAL      REMARK,D                START TIME    END TIME       TOTAL      REMARK,99.74%,19300,51
4957919.1,,SKY55446+REV,10/14/2024 1:57,10/14/2024 6:49,,,
4957919.1,,SKY55446+REV,10/14/2024 1:57,10/14/2024 6:49,,,
720,6VTRX07,SKY55446+REV3,D                START TIME    END TIME       TOTAL      REMARK,D                START TIME    END TIME       TOTAL      REMARK,97.63%,19161,454
4957922.1,,SKY55446+REV,10/22/2024 1:47,10/22/2024 11:42,,,
4957922.1,,SKY55446+REV,10/22/2024 1:47,10/22/2024 11:42,,,
931,6VTRX07,SKY55446+REV3,D                START TIME    END TIME       TOTAL      REMARK,D                START TIME    END TIME       TOTAL      REMARK,97.28%,21411,583
4957922.1,,SKY55446+REV,10/22/2024 1:47,10/22/2024 12:12,,,
4957922.1,,SKY55446+REV,10/22/2024 1:47,10/22/2024 12:12,,,
,6VTRX07,SKY55446+REV3,D                START TIME    END TIME       TOTAL      REMARK,D                START TIME    END TIME       TOTAL      REMARK,99.25%,21475,162
4957922.1,,SKY55446+REV,10/22/2024 1:47,10/22/2024 8:02,,,
4957922.1,,SKY55446+REV,10/22/2024 1:47,10/22/2024 8:02,,,
79,6VTRX07,SKY55446+REV3,D                START TIME    END TIME       TOTAL      REMARK,D                START TIME    END TIME       TOTAL      REMARK,94.83%,13260,685
4958148.1,,SKY55446+REV,10/13/2024 20:30,10/14/2024 1:39,,,
4958148.1,,SKY55446+REV,10/13/2024 20:30,10/14/2024 1:39,,,
,6VTRX07,SKY55446+REV3,D                START TIME    END TIME       TOTAL      REMARK,D                START TIME    END TIME       TOTAL      REMARK,99.68%,21545,69
4958148.1,,SKY55446+REV,10/13/2024 20:30,10/14/2024 1:05,,,
4958148.1,,SKY55446+REV,10/13/2024 20:30,10/14/2024 1:05,,,
940,6VTRX07,SKY55446+REV3,D                START TIME    END TIME       TOTAL      REMARK,D                START TIME    END TIME       TOTAL      REMARK,97.42%,21461,553
4958149.1,,SKY55446+REV,10/12/2024 15:31,10/13/2024 1:37,,,
4958149.1,,SKY55446+REV,10/12/2024 15:31,10/13/2024 1:37,,,
903,6VTRX07,SKY55446+REV3,D                START TIME    END TIME       TOTAL      REMARK,D                START TIME    END TIME       TOTAL      REMARK,95.76%,21453,909
4958149.1,,SKY55446+REV,10/12/2024 15:31,10/13/2024 2:03,,,
4958149.1,,SKY55446+REV,10/12/2024 15:31,10/13/2024 2:03,,,
925,6VTRX07,SKY55446+REV3,D                START TIME    END TIME       TOTAL      REMARK,D                START TIME    END TIME       TOTAL      REMARK,99.83%,20792,35
,6VTRX07,SKY55446+REV3,D                START TIME    END TIME       TOTAL      REMARK,D                START TIME    END TIME       TOTAL      REMARK,100.00%,20757,0
4958149.1,,SKY55446+REV,10/12/2024 15:31,10/12/2024 20:22,,,
4958149.1,,SKY55446+REV,10/12/2024 15:31,10/12/2024 20:22,,,
,6VTRX07,SKY55446+REV3,D                START TIME    END TIME       TOTAL      REMARK,D                START TIME    END TIME       TOTAL      REMARK,92.81%,15208,1093
4958151.1,,SKY55446+REV,10/4/2024 11:56,10/5/2024 9:35,,,
4958151.1,,SKY55446+REV,10/4/2024 11:56,10/5/2024 9:35,,,
,6VTRX07,SKY55446+REV2,D                START TIME    END TIME       TOTAL,D                START TIME    END TIME       TOTAL,93.75%,16,1
4958151.1,,SKY55446+REV,10/4/2024 11:56,10/4/2024 14:50,,,
4958151.1,,SKY55446+REV,10/4/2024 11:56,10/4/2024 14:50,,,
4958151.1-DETAPE,,SKY55446+REV,10/4/2024 15:10,10/4/2024 16:34,,,
4958151.1-DETAPE,,SKY55446+REV,10/4/2024 15:10,10/4/2024 16:34,,,
4958151.1-DETAPE,6VTRX07,SKY55446+REV2,D                START TIME    END TIME       TOTAL      REMARK,D                START TIME    END TIME       TOTAL      REMARK,100.00%,2777,0
281,6VTRX07,SKY55446+REV2,D                START TIME    END TIME       TOTAL,D                START TIME    END TIME       TOTAL,80.64%,6590,1276
4958151.2,,SKY55446+REV,10/4/2024 23:35,10/5/2024 2:06,,,
4958151.2,,SKY55446+REV,10/4/2024 23:35,10/5/2024 2:06,,,
,6VTRX07,SKY55446+REV2,D                START TIME    END TIME       TOTAL,D                START TIME    END TIME       TOTAL,79.62%,1310,267
4958151.2,,SKY55446+REV,10/4/2024 23:35,10/5/2024 0:30,,,
4958151.2,,SKY55446+REV,10/4/2024 23:35,10/5/2024 0:30,,,
3,6VTRX07,SKY55446+REV2,D                START TIME    END TIME       TOTAL,D                START TIME    END TIME       TOTAL,94.96%,1368,69
4958152.1,,SKY55446+REV,10/18/2024 19:30,10/18/2024 20:28,,,
4958152.1,,SKY55446+REV,10/18/2024 19:30,10/18/2024 20:28,,,
,6VTRX07,SKY55446+REV3,D                START TIME    END TIME       TOTAL,D                START TIME    END TIME       TOTAL,95.96%,2374,96
4958152.3,,SKY55446+REV,10/18/2024 21:38,10/19/2024 8:28,,,
4958152.3,,SKY55446+REV,10/18/2024 21:38,10/19/2024 8:28,,,
,6VTRX07,SKY55446+REV3,D                START TIME    END TIME       TOTAL      REMARK,D                START TIME    END TIME       TOTAL      REMARK,98.77%,21398,263
4958152.3,,SKY55446+REV,10/18/2024 21:38,10/19/2024 7:43,,,
4958152.3,,SKY55446+REV,10/18/2024 21:38,10/19/2024 7:43,,,
871,6VTRX07,SKY55446+REV3,D                START TIME    END TIME       TOTAL      REMARK,D                START TIME    END TIME       TOTAL      REMARK,94.85%,21338,1100
4958154.1 DETAPE,,SKY55446+REV,10/3/2024 2:04,10/3/2024 2:33,,,
4958154.1 DETAPE,6VTRX07,SKY55446+REV1,D                START TIME    END TIME       TOTAL      REMARK,D                START TIME    END TIME       TOTAL      REMARK,100.00%,1178,0
4958154.1DEP,,SKY55446+REV,10/2/2024 15:27,10/2/2024 17:36,,,
4958154.1DEP,6VTRX07,SKY55446+REV1,D                START TIME    END TIME       TOTAL      REMARK,D                START TIME    END TIME       TOTAL      REMARK,100.00%,11501,0
4958154.1DEP5,,SKY55446+REV,10/2/2024 17:58,10/2/2024 20:22,,,
4958154.1DEP5,,SKY55446+REV,10/2/2024 17:58,10/2/2024 20:22,,,
4958154.1DEP5,6VTRX07,SKY55446+REV1,D                START TIME    END TIME       TOTAL      REMARK,D                START TIME    END TIME       TOTAL      REMARK,100.00%,7755,0
4958154.1DEP54957915.1,,SKY55446+REV,10/2/2024 22:10,10/3/2024 2:02,,,
4958154.1DEP54957915.1,,SKY55446+REV,10/2/2024 22:10,10/3/2024 2:02,,,
122,6VTRX07,SKY55446+REV1,D                START TIME    END TIME       TOTAL      REMARK,D                START TIME    END TIME       TOTAL      REMARK,95.58%,14449,638
4958156.1 DETAPE,,SKY55446+REV,10/19/2024 14:04,10/19/2024 15:11,,,
4958156.1 DETAPE,,SKY55446+REV,10/19/2024 14:04,10/19/2024 15:11,,,
4958156.1 DETAPE,6VTRX07,SKY55446+REV3,D                START TIME    END TIME       TOTAL      REMARK,D                START TIME    END TIME       TOTAL      REMARK,100.00%,7060,0
4958156.1,,SKY55446+REV,10/19/2024 9:24,10/19/2024 13:58,,,
4958156.1,,SKY55446+REV,10/19/2024 9:24,10/19/2024 13:58,,,
707,6VTRX07,SKY55446+REV3,D                START TIME    END TIME       TOTAL,D                START TIME    END TIME       TOTAL,95.21%,9522,456
4958156.1D,,SKY55446+REV,10/20/2024 5:36,10/20/2024 6:43,,,
4958156.1D,6VTRX07,SKY55446+REV3,10/20/2024 5:36,10/20/2024 6:43,0.00%,0,0
4958156.1D,,SKY55446+REV,10/20/2024 5:36,10/20/2024 9:46,,,
4958156.1D,6VTRX07,SKY55446+REV3,D                START TIME    END TIME       TOTAL      REMARK,D                START TIME    END TIME       TOTAL      REMARK,100.00%,4938,0
4958156.1D,,SKY55446+REV,10/20/2024 5:36,10/20/2024 6:16,,,
4958156.1D,6VTRX07,SKY55446+REV3,10/20/2024 5:36,10/20/2024 6:16,100.00%,640,0
4958156.2,,SKY55446+REV,10/19/2024 17:34,10/19/2024 18:50,,,
4958156.2,,SKY55446+REV,10/19/2024 17:34,10/19/2024 18:50,,,
6,6VTRX07,SKY55446+REV3,D                START TIME    END TIME       TOTAL,D                START TIME    END TIME       TOTAL,94.94%,1323,67
4958156.3,,SKY55446+REV,10/19/2024 19:24,10/20/2024 3:31,,,
4958156.3,,SKY55446+REV,10/19/2024 19:24,10/20/2024 3:31,,,
,6VTRX07,SKY55446+REV3,D                START TIME    END TIME       TOTAL,D                START TIME    END TIME       TOTAL,94.82%,7638,396
4958960.1,,SKY55446+REV,10/13/2024 3:49,10/17/2024 8:55,,,
,6VTRX07,SKY55446+REV3,D                START TIME    END TIME       TOTAL,D                START TIME    END TIME       TOTAL,0.00%,0,0
4958960.1-DETAPE,,SKY55446+REV,10/17/2024 10:26,10/17/2024 14:21,,,
4958960.1-DETAPE,,SKY55446+REV,10/17/2024 10:26,10/17/2024 14:21,,,
4958960.1-DETAPE,6VTRX07,SKY55446+REV3,10/17/2024 10:26,10/17/2024 14:21,0.00%,0,0
4958960.1-DETAPE,,SKY55446+REV,10/17/2024 10:26,10/17/2024 13:00,,,
4958960.1-DETAPE,,SKY55446+REV,10/17/2024 10:26,10/17/2024 13:00,,,
4958960.1-DETAPE,6VTRX07,SKY55446+REV3,10/17/2024 10:26,10/17/2024 13:00,100.00%,7473,0
4958960.2,,SKY55446+REV,10/13/2024 5:23,10/13/2024 12:21,,,
4958960.2,,SKY55446+REV,10/13/2024 5:23,10/13/2024 12:21,,,
,6VTRX07,SKY55446+REV3,D                START TIME    END TIME       TOTAL      REMARK,D                START TIME    END TIME       TOTAL      REMARK,100.00%,11524,0
4958960.2,,SKY55446+REV,10/13/2024 5:23,10/13/2024 14:01,,,
4958960.2,,SKY55446+REV,10/13/2024 5:23,10/13/2024 14:01,,,
3,6VTRX07,SKY55446+REV3,D                START TIME    END TIME       TOTAL      REMARK,D                START TIME    END TIME       TOTAL      REMARK,99.84%,12379,20
4958960.2,,SKY55446+REV,10/13/2024 5:23,10/13/2024 9:38,,,
4958960.2,,SKY55446+REV,10/13/2024 5:23,10/13/2024 9:38,,,
195,6VTRX07,SKY55446+REV3,D                START TIME    END TIME       TOTAL      REMARK,D                START TIME    END TIME       TOTAL      REMARK,96.10%,14906,581
4958960.2DETAPE,,SKY55446+REV,10/13/2024 9:47,10/13/2024 11:48,,,
4958960.2DETAPE,6VTRX07,SKY55446+REV3,10/13/2024 9:47,10/13/2024 11:48,100.00%,186,0
4958960.2DETAPE,,SKY55446+REV,10/13/2024 9:47,10/13/2024 10:26,,,
4958960.2DETAPE,6VTRX07,SKY55446+REV3,10/13/2024 9:47,10/13/2024 10:26,100.00%,149,0
4958960.3,,SKY55446+REV,10/17/2024 20:30,10/18/2024 11:26,,,
4958960.3,,SKY55446+REV,10/17/2024 20:30,10/18/2024 11:26,,,
912,6VTRX07,SKY55446+REV3,D                START TIME    END TIME       TOTAL      REMARK,D                START TIME    END TIME       TOTAL      REMARK,96.98%,21266,643
4958960.3,,SKY55446+REV,10/17/2024 20:30,10/18/2024 12:59,,,
4958960.3,,SKY55446+REV,10/17/2024 20:30,10/18/2024 12:59,,,
,6VTRX07,SKY55446+REV3,D                START TIME    END TIME       TOTAL      REMARK,D                START TIME    END TIME       TOTAL      REMARK,99.20%,21265,171
4958960.3,,SKY55446+REV,10/17/2024 20:30,10/18/2024 8:59,,,
4958960.3,,SKY55446+REV,10/17/2024 20:30,10/18/2024 8:59,,,
692,6VTRX07,SKY55446+REV3,D                START TIME    END TIME       TOTAL      REMARK,D                START TIME    END TIME       TOTAL      REMARK,87.29%,21121,2684
4958962.1,,SKY55446+REV,10/11/2024 8:52,10/11/2024 14:56,,,
4958962.1,,SKY55446+REV,10/11/2024 8:52,10/11/2024 14:56,,,
,6VTRX07,SKY55446+REV3,D                START TIME    END TIME       TOTAL      REMARK,D                START TIME    END TIME       TOTAL      REMARK,99.05%,21519,205
4958962.1,,SKY55446+REV,10/11/2024 8:52,10/11/2024 14:18,,,
4958962.1,,SKY55446+REV,10/11/2024 8:52,10/11/2024 14:18,,,
896,6VTRX07,SKY55446+REV3,D                START TIME    END TIME       TOTAL      REMARK,D                START TIME    END TIME       TOTAL      REMARK,96.40%,21228,765
4958964.1,,SKY55446+REV,10/12/2024 6:15,10/12/2024 15:18,,,
4958964.1,,SKY55446+REV,10/12/2024 6:15,10/12/2024 15:18,,,
,6VTRX07,SKY55446+REV3,D                START TIME    END TIME       TOTAL      REMARK,D                START TIME    END TIME       TOTAL      REMARK,99.49%,21768,111
4958964.1,,SKY55446+REV,10/12/2024 6:15,10/12/2024 13:15,,,
4958964.1,,SKY55446+REV,10/12/2024 6:15,10/12/2024 13:15,,,
925,6VTRX07,SKY55446+REV3,D                START TIME    END TIME       TOTAL      REMARK,D                START TIME    END TIME       TOTAL      REMARK,95.24%,21787,1037
4958965.1,,SKY55446+REV,10/23/2024 17:29,10/24/2024 1:08,,,
4958965.1,,SKY55446+REV,10/23/2024 17:29,10/24/2024 1:08,,,
885,6VTRX07,SKY55446+REV3,D                START TIME    END TIME       TOTAL,D                START TIME    END TIME       TOTAL,85.44%,11091,1615
4958965.1D,,SKY55446+REV,10/24/2024 1:19,10/24/2024 1:25,,,
4958965.1D,6VTRX07,SKY55446+REV3,10/24/2024 1:19,10/24/2024 1:25,0.00%,0,0
4958965.2,,SKY55446+REV,10/24/2024 8:52,10/24/2024 20:34,,,
4958965.2,,SKY55446+REV,10/24/2024 8:52,10/24/2024 20:34,,,
926,6VTRX07,SKY55446+REV3,D                START TIME    END TIME       TOTAL      REMARK,D                START TIME    END TIME       TOTAL      REMARK,97.14%,21375,611
4958965.2,,SKY55446+REV,10/24/2024 8:52,10/24/2024 21:38,,,
4958965.2,,SKY55446+REV,10/24/2024 8:52,10/24/2024 21:38,,,
966,6VTRX07,SKY55446+REV3,D                START TIME    END TIME       TOTAL      REMARK,D                START TIME    END TIME       TOTAL      REMARK,98.93%,21395,229
4958965.2,,SKY55446+REV,10/24/2024 8:52,10/24/2024 22:53,,,
4958965.2,,SKY55446+REV,10/24/2024 8:52,10/24/2024 22:53,,,
,6VTRX07,SKY55446+REV3,D                START TIME    END TIME       TOTAL      REMARK,D                START TIME    END TIME       TOTAL      REMARK,99.16%,21395,179
4958965.2,,SKY55446+REV,10/24/2024 8:52,10/24/2024 17:06,,,
4958965.2,,SKY55446+REV,10/24/2024 8:52,10/24/2024 17:06,,,
531,6VTRX07,SKY55446+REV3,D                START TIME    END TIME       TOTAL      REMARK,D                START TIME    END TIME       TOTAL      REMARK,81.87%,20547,3725
4958965.2D,,SKY55446+REV,10/24/2024 1:26,10/24/2024 1:32,,,
4958965.2D,6VTRX07,SKY55446+REV3,10/24/2024 1:26,10/24/2024 1:32,0.00%,0,0
4958965.3D,,SKY55446+REV,10/24/2024 1:36,10/24/2024 1:38,,,
4958965.3D,6VTRX07,SKY55446+REV3,10/24/2024 1:36,10/24/2024 1:38,0.00%,0,0
4958965.D,,SKY55446+REV,10/24/2024 1:59,10/24/2024 2:03,,,
4958965.D,6VTRX07,SKY55446+REV3,10/24/2024 1:59,10/24/2024 2:03,0.00%,0,0
4958966.1,,SKY55446+REV,10/10/2024 13:47,10/11/2024 7:23,,,
4958966.1,,SKY55446+REV,10/10/2024 13:47,10/11/2024 7:23,,,
931,6VTRX07,SKY55446+REV2,D                START TIME    END TIME       TOTAL      REMARK,D                START TIME    END TIME       TOTAL      REMARK,98.26%,21185,369
4958966.1,,SKY55446+REV,10/10/2024 13:47,10/11/2024 8:03,,,
4958966.1,,SKY55446+REV,10/10/2024 13:47,10/11/2024 8:03,,,
,6VTRX07,SKY55446+REV2,D                START TIME    END TIME       TOTAL      REMARK,D                START TIME    END TIME       TOTAL      REMARK,99.35%,21294,139
4958966.1,,SKY55446+REV,10/10/2024 13:47,10/10/2024 20:26,,,
4958966.1,,SKY55446+REV,10/10/2024 13:47,10/10/2024 20:26,,,
,6VTRX07,SKY55446+REV2,D                START TIME    END TIME       TOTAL      REMARK,D                START TIME    END TIME       TOTAL      REMARK,92.07%,13449,1067
4959203.1,,SKY55446+REV,10/20/2024 19:41,10/21/2024 7:07,,,
4959203.1,,SKY55446+REV,10/20/2024 19:41,10/21/2024 7:07,,,
875,6VTRX07,SKY55446+REV3,D                START TIME    END TIME       TOTAL      REMARK,D                START TIME    END TIME       TOTAL      REMARK,100.00%,20251,0
4959203.1,,SKY55446+REV,10/20/2024 19:41,10/21/2024 7:45,,,
4959203.1,,SKY55446+REV,10/20/2024 19:41,10/21/2024 7:45,,,
,6VTRX07,SKY55446+REV3,D                START TIME    END TIME       TOTAL      REMARK,D                START TIME    END TIME       TOTAL      REMARK,99.00%,21543,215
4959203.1,,SKY55446+REV,10/20/2024 19:41,10/21/2024 6:59,,,
4959203.1,,SKY55446+REV,10/20/2024 19:41,10/21/2024 6:59,,,
875,6VTRX07,SKY55446+REV3,D                START TIME    END TIME       TOTAL      REMARK,D                START TIME    END TIME       TOTAL      REMARK,95.09%,21402,1050
4959204.1,,SKY55446+REV,10/11/2024 16:09,10/11/2024 23:02,,,
4959204.1,,SKY55446+REV,10/11/2024 16:09,10/11/2024 23:02,,,
,6VTRX07,SKY55446+REV3,D                START TIME    END TIME       TOTAL      REMARK,D                START TIME    END TIME       TOTAL      REMARK,99.15%,21407,183
4959204.1,,SKY55446+REV,10/11/2024 16:09,10/11/2024 21:29,,,
4959204.1,,SKY55446+REV,10/11/2024 16:09,10/11/2024 21:29,,,
862,6VTRX07,SKY55446+REV3,D                START TIME    END TIME       TOTAL      REMARK,D                START TIME    END TIME       TOTAL      REMARK,94.85%,21212,1092
4986251.1,,SKY55446+REV,10/28/2024 12:21,10/29/2024 0:29,,,
4986251.1,,SKY55446+REV,10/28/2024 12:21,10/29/2024 0:29,,,
,6VTRX07,SKY55446+REV3,D                START TIME    END TIME       TOTAL      REMARK,D                START TIME    END TIME       TOTAL      REMARK,100.00%,11500,0
4986251.1 DEETAPE,,SKY55446+REV,10/28/2024 18:41,10/28/2024 18:48,,,
4986251.1 DEETAPE,6VTRX07,SKY55446+REV3,10/28/2024 18:41,10/28/2024 18:48,0.00%,0,0
4986251.1 DEETAPE1,,SKY55446+REV,10/28/2024 18:50,10/28/2024 18:52,,,
4986251.1 DEETAPE1,6VTRX07,SKY55446+REV3,10/28/2024 18:50,10/28/2024 18:52,0.00%,0,0
4986251.1 DEETAPE2,,SKY55446+REV,10/28/2024 18:56,10/28/2024 19:00,,,
4986251.1 DEETAPE2,6VTRX07,SKY55446+REV3,10/28/2024 18:56,10/28/2024 19:00,0.00%,0,0
4986251.1 DEETAPE3,,SKY55446+REV,10/28/2024 19:02,10/28/2024 19:15,,,
4986251.1 DEETAPE3,6VTRX07,SKY55446+REV3,10/28/2024 19:02,10/28/2024 19:15,0.00%,0,0
4986251.1 DEETAPE5,,SKY55446+REV,10/28/2024 19:30,10/28/2024 19:32,,,
4986251.1 DEETAPE5,6VTRX07,SKY55446+REV3,10/28/2024 19:30,10/28/2024 19:32,0.00%,0,0
4986251.1 DEETAPE6,,SKY55446+REV,10/28/2024 19:46,10/28/2024 19:53,,,
4986251.1 DEETAPE6,6VTRX07,SKY55446+REV3,10/28/2024 19:46,10/28/2024 19:53,0.00%,0,0
4986251.1 DEETAPE7,,SKY55446+REV,10/28/2024 20:03,10/28/2024 20:14,,,
4986251.1 DEETAPE7,6VTRX07,SKY55446+REV3,10/28/2024 20:03,10/28/2024 20:14,100.00%,20,0
4986251.1,,SKY55446+REV,10/28/2024 12:21,10/28/2024 18:14,,,
4986251.1,,SKY55446+REV,10/28/2024 12:21,10/28/2024 18:14,,,
5,6VTRX07,SKY55446+REV3,D                START TIME    END TIME       TOTAL      REMARK,D                START TIME    END TIME       TOTAL      REMARK,88.18%,15891,1878
4986251.2,,SKY55446+REV,10/29/2024 0:38,10/29/2024 15:44,,,
4986251.2,,SKY55446+REV,10/29/2024 0:38,10/29/2024 15:44,,,
796,6VTRX07,SKY55446+REV3,D                START TIME    END TIME       TOTAL,D                START TIME    END TIME       TOTAL,80.67%,9878,1909
4986251.2,,SKY55446+REV,10/29/2024 0:38,10/29/2024 18:33,,,
4986251.2,,SKY55446+REV,10/29/2024 0:38,10/29/2024 18:33,,,
,6VTRX07,SKY55446+REV3,D                START TIME    END TIME       TOTAL      REMARK,D                START TIME    END TIME       TOTAL      REMARK,93.38%,9902,656
4986251.2,,SKY55446+REV,10/29/2024 0:38,10/29/2024 6:42,,,
4986251.2,,SKY55446+REV,10/29/2024 0:38,10/29/2024 6:42,,,
10,6VTRX07,SKY55446+REV3,D                START TIME    END TIME       TOTAL,D                START TIME    END TIME       TOTAL,83.26%,2109,353
D,,SKY55446+REV,10/9/2024 7:59,10/9/2024 7:59,,,
D,6VTRX07,SKY55446+REV2,10/9/2024 7:59,10/9/2024 7:59,0.00%,0,0
DETAPE TEST 2,,SKY55446+REV,10/23/2024 15:20,10/23/2024 15:44,,,
DETAPE TEST 2,6VTRX07,SKY55446+REV3,10/23/2024 15:20,10/23/2024 15:44,100.00%,1199,0
DETAPE TEST,,SKY55446+REV,10/23/2024 14:52,10/23/2024 15:19,,,
DETAPE TEST,,SKY55446+REV,10/23/2024 14:52,10/23/2024 15:19,,,
120,6VTRX07,SKY55446+REV3,D                START TIME    END TIME       TOTAL,D                START TIME    END TIME       TOTAL,100.00%,1208,0
PRUEBA DETAPE 1,,SKY55446+REV,10/28/2024 9:50,10/28/2024 10:53,,,
PRUEBA DETAPE 1,6VTRX07,SKY55446+REV3,10/28/2024 9:50,10/28/2024 10:53,100.00%,253,0
PRUEBA DETAPE 1,,SKY55446+REV,10/28/2024 9:50,10/28/2024 9:53,,,
PRUEBA DETAPE 1,6VTRX07,SKY55446+REV3,10/28/2024 9:50,10/28/2024 9:53,0.00%,0,0
PRUEBA TAPE 1,,SKY55446+REV,10/28/2024 8:39,10/28/2024 9:03,,,
PRUEBA TAPE 1,,SKY55446+REV,10/28/2024 8:39,10/28/2024 9:03,,,
40,6VTRX07,SKY55446+REV3,D                START TIME    END TIME       TOTAL,D                START TIME    END TIME       TOTAL,91.06%,1688,151
1.6X1.8 DETAPING HANDLING TEST,6VTRX08,1.6x1.8 simulation,10/17/2024 15:24,10/17/2024 15:42,100.00%,,0
1.6X1.8 HANDLING TEST,6VTRX08,1.6x1.8 simulation,10/16/2024 13:54,10/16/2024 14:55,97.21%,3195,89
1.6X1.8 HANDLING,6VTRX08,1.6x1.8 simulation,10/16/2024 15:50,10/16/2024 17:16,79.38%,,596
34,6VTRX08,1.6x1.8 simulation,D  START TIME  END TIME  TOTAL,D  START TIME  END TIME  TOTAL,98.64%,,35
1O PIEZAS,6VTRX08,SKY55446+REV5,10/21/2024 15:29,10/21/2024 15:35,21.05%,,15
2170761.1,6VTRX08,SKY53923-11 STR,10/12/2024 6:26,10/12/2024 7:34,94.98%,2150,108
2170761.2 RESCAN,6VTRX08,SKY53923-11 STR,10/12/2024 7:36,10/12/2024 8:55,77.57%,107,24
2171477.1 -R1,6VTRX08,SKY53904+REV1 2D,10/8/2024 2:20,10/8/2024 4:17,35.81%,687,441
2171477.1 -R1,6VTRX08,SKY53904+REV1 2D,10/8/2024 2:20,10/8/2024 4:08,35.90%,688,441
2171477.1 STR R2,6VTRX08,SKY53904+REV1 2D,10/8/2024 17:43,10/8/2024 19:55,72.09%,1064,297
2171477.1 STR R2,6VTRX08,SKY53904+REV1 2D,10/8/2024 17:43,10/8/2024 20:10,80.92%,1064,203
2171477.1 STR R2,6VTRX08,SKY53904+REV1 2D,10/8/2024 17:43,10/8/2024 17:47,100.00%,246,0
2171477.1 STR R3,6VTRX08,SKY53904+REV1 2D,10/8/2024 20:11,10/8/2024 20:24,76.52%,494,116
2171477.1,6VTRX08,SKY53904+REV1 2D,10/7/2024 11:18,10/7/2024 15:52,75.43%,6654,1635
2171477.1,6VTRX08,SKY53904+REV1 2D,10/7/2024 11:18,10/8/2024 2:17,94.09%,6363,376
2171477.1,6VTRX08,SKY53904+REV1 2D,10/7/2024 11:18,10/7/2024 14:50,70.51%,6656,1963
2171734.1,6VTRX08,SKY53923-11 STR,10/11/2024 17:11,10/11/2024 18:51,99.05%,1047,10
2172732.2 RES 2,6VTRX08,SKY58470+STR+REV1,10/6/2024 15:01,10/6/2024 15:07,78.57%,56,12
2172732.2 RES,6VTRX08,SKY58470+STR+REV1,10/6/2024 12:13,10/6/2024 14:32,86.10%,403,56
2172732.2,6VTRX08,SKY58470+STR+REV1,10/6/2024 6:48,10/6/2024 8:33,82.18%,2115,377
2173788.1,6VTRX08,SKY53938-12 STR,10/10/2024 7:27,10/10/2024 7:34,6.98%,129,120
2174348.1 BUENAS STR,6VTRX08,SKY58480+STR+REV1,10/23/2024 1:00,10/23/2024 3:03,83.35%,,1003
2174348.1 STR.1,6VTRX08,SKY58480+STR+REV1,10/23/2024 0:42,10/23/2024 0:56,56.66%,,166
2174348.1 STR,6VTRX08,SKY58480+STR+REV1,10/23/2024 0:04,10/23/2024 0:38,79.05%,,382
2174407.1 RESCAN,6VTRX08,SKY58480+STR+REV1,10/23/2024 6:11,10/23/2024 6:38,76.36%,,301
2174407.1 RW SPUTTERING,6VTRX08,SKY58480+STR+REV1,10/23/2024 6:53,10/23/2024 7:00,80.88%,,48
2174407.1,6VTRX08,SKY58480+STR+REV1,10/23/2024 3:53,10/23/2024 5:58,81.11%,,1273
2174431.1 S2,6VTRX08,SKY58452-12+STR,10/12/2024 21:25,10/12/2024 21:51,91.80%,256,21
2174431.1 S3 STR,6VTRX08,SKY58452-12+STR,10/12/2024 23:11,10/12/2024 23:18,92.89%,197,14
2174431.1 S4 STR,6VTRX08,SKY58452-12+STR,10/12/2024 23:39,10/12/2024 23:45,95.74%,258,11
2174431.1 S5 STR,6VTRX08,SKY58452-12+STR,10/12/2024 23:53,10/13/2024 0:01,93.02%,258,18
2174431.1 S6 STR,6VTRX08,SKY58452-12+STR,10/13/2024 0:28,10/13/2024 1:11,91.05%,257,23
2174431.1 S7 STR,6VTRX08,SKY58452-12+STR,10/13/2024 1:31,10/13/2024 2:05,84.74%,249,38
2174431.1,6VTRX08,SKY58452-12+STR,10/12/2024 19:41,10/12/2024 20:16,2.02%,248,243
2174431.2 S3 STR,6VTRX08,SKY58452-12+STR,10/12/2024 23:24,10/12/2024 23:27,85.71%,14,2
2174431.2 S5 STR,6VTRX08,SKY58452-12+STR,10/13/2024 0:17,10/13/2024 0:22,22.22%,18,14
2174431.2 S6 STR,6VTRX08,SKY58452-12+STR,10/13/2024 1:21,10/13/2024 1:25,65.22%,23,8
2174431.2 S7 STR,6VTRX08,SKY58452-12+STR,10/13/2024 2:12,10/13/2024 2:17,55.26%,38,17
2174431.2,6VTRX08,SKY58452-12+STR,10/12/2024 20:48,10/12/2024 21:03,76.21%,248,59
2174431.3,6VTRX08,SKY58452-12+STR,10/12/2024 21:14,10/12/2024 21:18,77.97%,59,13
307591 STR R,6VTRX08,SKY53943+STR+REV1,10/20/2024 10:40,10/20/2024 10:43,92.86%,,2
307591 STR,6VTRX08,SKY53943+STR+REV1,10/20/2024 9:32,10/20/2024 10:38,98.32%,,25
307592 STR,6VTRX08,SKY53943+STR+REV1,10/20/2024 10:47,10/20/2024 11:06,99.81%,,2
307592 STR,6VTRX08,SKY53943+STR+REV1,10/20/2024 10:47,10/20/2024 10:59,98.48%,,16
32493550.1,6VTRX08,SKY59727 - TRAY,10/7/2024 6:27,10/7/2024 8:41,87.73%,13178,1617
32493550.2 DETAPE,6VTRX08,SKY59727 - DETAPE,D                START TIME    END TIME       TOTAL      REMARK,D                START TIME    END TIME       TOTAL      REMARK,100.00%,8984,0
32493550.2,6VTRX08,SKY59727 - TRAY,10/5/2024 7:35,10/7/2024 9:22,79.06%,2225,466
32493550,6VTRX08,SKY59727,10/5/2024 7:35,10/5/2024 7:52,89.45%,436,46
32493550.3,6VTRX08,SKY59727,10/4/2024 21:22,10/5/2024 1:07,99.38%,10880,67
32493550.3,6VTRX08,SKY59727,10/5/2024 12:55,10/5/2024 14:06,0.00%,0,0
32493550.3DETAPE,6VTRX08,SKY59727 - DETAPE,10/5/2024 14:23,10/5/2024 15:10,0.00%,0,0
,6VTRX08,SKY55446+REV3,D                START TIME    END TIME       TOTAL      REMARK,D                START TIME    END TIME       TOTAL      REMARK,99.70%,21345,64
298,6VTRX08,SKY55446+REV3,D                START TIME    END TIME       TOTAL,D                START TIME    END TIME       TOTAL,95.88%,6315,260
921,6VTRX08,SKY55446+REV5,D  START TIME  END TIME  TOTAL  REMARK,D  START TIME  END TIME  TOTAL  REMARK,96.77%,,692
971,6VTRX08,SKY55446+REV5,D  START TIME  END TIME  TOTAL  REMARK,D  START TIME  END TIME  TOTAL  REMARK,98.46%,,333
,6VTRX08,SKY55446+REV5,D  START TIME  END TIME  TOTAL  REMARK,D  START TIME  END TIME  TOTAL  REMARK,100.00%,,0
919,6VTRX08,SKY55446+REV5,D  START TIME  END TIME  TOTAL  REMARK,D  START TIME  END TIME  TOTAL  REMARK,96.62%,,725
,6VTRX08,SKY55446+REV5,D  START TIME  END TIME  TOTAL  REMARK,D  START TIME  END TIME  TOTAL  REMARK,98.39%,,345
785,6VTRX08,SKY55446+REV5,D  START TIME  END TIME  TOTAL  REMARK,D  START TIME  END TIME  TOTAL  REMARK,91.52%,,1794
934,6VTRX08,SKY55446+REV5,D  START TIME  END TIME  TOTAL  REMARK,D  START TIME  END TIME  TOTAL  REMARK,97.80%,,468
952,6VTRX08,SKY55446+REV5,D  START TIME  END TIME  TOTAL  REMARK,D  START TIME  END TIME  TOTAL  REMARK,98.56%,,308
,6VTRX08,SKY55446+REV5,D  START TIME  END TIME  TOTAL  REMARK,D  START TIME  END TIME  TOTAL  REMARK,100.00%,,0
790,6VTRX08,SKY55446+REV5,D  START TIME  END TIME  TOTAL  REMARK,D  START TIME  END TIME  TOTAL  REMARK,91.75%,,1746
,6VTRX08,SKY55446+REV3,D                START TIME    END TIME       TOTAL      REMARK,D                START TIME    END TIME       TOTAL      REMARK,99.62%,21526,81
940,6VTRX08,SKY55446+REV3,D                START TIME    END TIME       TOTAL      REMARK,D                START TIME    END TIME       TOTAL      REMARK,97.12%,21530,620
4957497.1 DETAPE,6VTRX08,SKY55446+REV4,10/11/2024 7:19,10/11/2024 7:32,100.00%,200,0
,6VTRX08,SKY55446+REV4,D                START TIME    END TIME       TOTAL      REMARK,D                START TIME    END TIME       TOTAL      REMARK,99.39%,21541,131
950,6VTRX08,SKY55446+REV4,D                START TIME    END TIME       TOTAL      REMARK,D                START TIME    END TIME       TOTAL      REMARK,98.31%,21379,361
701,6VTRX08,SKY55446+REV5,D  START TIME  END TIME  TOTAL  REMARK,D  START TIME  END TIME  TOTAL  REMARK,89.81%,,2103
893,6VTRX08,SKY55446+REV5,D  START TIME  END TIME  TOTAL  REMARK,D  START TIME  END TIME  TOTAL  REMARK,96.30%,,786
,6VTRX08,SKY55446+REV5,D  START TIME  END TIME  TOTAL  REMARK,D  START TIME  END TIME  TOTAL  REMARK,98.86%,,243
4957918.1-DETAPE,6VTRX08,SKY55446+REV5,10/19/2024 11:36,10/19/2024 15:49,100.00%,,0
4957918.1-DETAPE,6VTRX08,SKY55446+REV5,10/19/2024 11:36,10/19/2024 12:19,100.00%,,0
872,6VTRX08,SKY55446+REV5,D  START TIME  END TIME  TOTAL,D  START TIME  END TIME  TOTAL,80.42%,,2752
46,6VTRX08,SKY55446+REV3,D                START TIME    END TIME       TOTAL,D                START TIME    END TIME       TOTAL,96.50%,1484,52
4957920.1 DETAPE,6VTRX08,SKY55446+REV3,D                START TIME    END TIME       TOTAL      REMARK,D                START TIME    END TIME       TOTAL      REMARK,100.00%,729,0
,6VTRX08,SKY55446+REV3,D                START TIME    END TIME       TOTAL      REMARK,D                START TIME    END TIME       TOTAL      REMARK,89.47%,16212,1708
325,6VTRX08,SKY55446+REV3,D                START TIME    END TIME       TOTAL,D                START TIME    END TIME       TOTAL,94.43%,4539,253
,6VTRX08,SKY55446+REV3,D                START TIME    END TIME       TOTAL      REMARK,D                START TIME    END TIME       TOTAL      REMARK,98.21%,10030,180
949,6VTRX08,SKY55446+REV3,D                START TIME    END TIME       TOTAL,D                START TIME    END TIME       TOTAL,96.70%,9815,324
13,6VTRX08,SKY55446+REV3,D                START TIME    END TIME       TOTAL,D                START TIME    END TIME       TOTAL,96.70%,1273,42
,6VTRX08,SKY55446+REV3,D                START TIME    END TIME       TOTAL      REMARK,D                START TIME    END TIME       TOTAL      REMARK,99.57%,21582,92
,6VTRX08,SKY55446+REV3,D                START TIME    END TIME       TOTAL      REMARK,D                START TIME    END TIME       TOTAL      REMARK,100.00%,11500,0
942,6VTRX08,SKY55446+REV3,D                START TIME    END TIME       TOTAL      REMARK,D                START TIME    END TIME       TOTAL      REMARK,97.51%,21451,535
957,6VTRX08,SKY55446+REV3,D                START TIME    END TIME       TOTAL      REMARK,D                START TIME    END TIME       TOTAL      REMARK,99.53%,21177,100
,6VTRX08,SKY55446+REV3,D                START TIME    END TIME       TOTAL      REMARK,D                START TIME    END TIME       TOTAL      REMARK,100.00%,21077,0
883,6VTRX08,SKY55446+REV3,D                START TIME    END TIME       TOTAL      REMARK,D                START TIME    END TIME       TOTAL      REMARK,97.41%,20923,542
936,6VTRX08,SKY55446+REV4,D                START TIME    END TIME       TOTAL      REMARK,D                START TIME    END TIME       TOTAL      REMARK,98.39%,21204,341
944,6VTRX08,SKY55446+REV4,D                START TIME    END TIME       TOTAL      REMARK,D                START TIME    END TIME       TOTAL      REMARK,98.80%,21199,255
,6VTRX08,SKY55446+REV4,D                START TIME    END TIME       TOTAL      REMARK,D                START TIME    END TIME       TOTAL      REMARK,100.00%,20944,0
806,6VTRX08,SKY55446+REV4,D                START TIME    END TIME       TOTAL      REMARK,D                START TIME    END TIME       TOTAL      REMARK,92.66%,21115,1551
,6VTRX08,SKY55446+REV4,D                START TIME    END TIME       TOTAL      REMARK,D                START TIME    END TIME       TOTAL      REMARK,93.20%,9392,639
848,6VTRX08,SKY55446+REV4,D                START TIME    END TIME       TOTAL,D                START TIME    END TIME       TOTAL,90.31%,9415,912
4958153.1DEP,6VTRX08,SKY55446+REV4,D                START TIME    END TIME       TOTAL      REMARK,D                START TIME    END TIME       TOTAL      REMARK,100.00%,1127,0
4958154.1 DETAPE,6VTRX08,SKY55446+REV3,D                START TIME    END TIME       TOTAL      REMARK,D                START TIME    END TIME       TOTAL      REMARK,100.00%,655,0
729,6VTRX08,SKY55446+REV4,D                START TIME    END TIME       TOTAL      REMARK,D                START TIME    END TIME       TOTAL      REMARK,96.57%,19467,667
729,6VTRX08,SKY55446+REV4,D                START TIME    END TIME       TOTAL      REMARK,D                START TIME    END TIME       TOTAL      REMARK,98.11%,19410,366
,6VTRX08,SKY55446+REV4,D                START TIME    END TIME       TOTAL      REMARK,D                START TIME    END TIME       TOTAL      REMARK,26.92%,665,486
747,6VTRX08,SKY55446+REV4,D                START TIME    END TIME       TOTAL,D                START TIME    END TIME       TOTAL,27.03%,666,486
691,6VTRX08,SKY55446+REV4,D                START TIME    END TIME       TOTAL      REMARK,D                START TIME    END TIME       TOTAL      REMARK,94.80%,19453,1011
,6VTRX08,SKY55446+REV3,D                START TIME    END TIME       TOTAL      REMARK,D                START TIME    END TIME       TOTAL      REMARK,98.57%,20047,287
755,6VTRX08,SKY55446+REV3,D                START TIME    END TIME       TOTAL      REMARK,D                START TIME    END TIME       TOTAL      REMARK,96.23%,19824,748
855,6VTRX08,SKY55446+REV5,D  START TIME  END TIME  TOTAL  REMARK,D  START TIME  END TIME  TOTAL  REMARK,94.54%,,1160
960,6VTRX08,SKY55446+REV5,D  START TIME  END TIME  TOTAL  REMARK,D  START TIME  END TIME  TOTAL  REMARK,98.77%,,262
,6VTRX08,SKY55446+REV5,D  START TIME  END TIME  TOTAL  REMARK,D  START TIME  END TIME  TOTAL  REMARK,99.30%,,149
331,6VTRX08,SKY55446+REV5,D  START TIME  END TIME  TOTAL,D  START TIME  END TIME  TOTAL,82.99%,,1167
,6VTRX08,SKY55446+REV5,D  START TIME  END TIME  TOTAL  REMARK,D  START TIME  END TIME  TOTAL  REMARK,98.33%,,354
854,6VTRX08,SKY55446+REV5,D  START TIME  END TIME  TOTAL  REMARK,D  START TIME  END TIME  TOTAL  REMARK,95.66%,,911
,6VTRX08,SKY55446+REV4,D                START TIME    END TIME       TOTAL      REMARK,D                START TIME    END TIME       TOTAL      REMARK,99.19%,21513,174
873,6VTRX08,SKY55446+REV4,D                START TIME    END TIME       TOTAL      REMARK,D                START TIME    END TIME       TOTAL      REMARK,95.12%,21264,1037
737,6VTRX08,SKY55446 modificacion crack,D  START TIME  END TIME  TOTAL  REMARK,D  START TIME  END TIME  TOTAL  REMARK,97.93%,,400
759,6VTRX08,SKY55446 modificacion crack,D  START TIME  END TIME  TOTAL  REMARK,D  START TIME  END TIME  TOTAL  REMARK,99.11%,,172
,6VTRX08,SKY55446 modificacion crack,D  START TIME  END TIME  TOTAL  REMARK,D  START TIME  END TIME  TOTAL  REMARK,100.00%,,0
513,6VTRX08,SKY55446 modificacion crack,D  START TIME  END TIME  TOTAL  REMARK,D  START TIME  END TIME  TOTAL  REMARK,87.74%,,2327
,6VTRX08,SKY55446+REV5,D  START TIME  END TIME  TOTAL  REMARK,D  START TIME  END TIME  TOTAL  REMARK,99.20%,,171
656,6VTRX08,SKY55446+REV5,D  START TIME  END TIME  TOTAL  REMARK,D  START TIME  END TIME  TOTAL  REMARK,87.09%,,2678
929,6VTRX08,SKY55446+REV5,D  START TIME  END TIME  TOTAL  REMARK,D  START TIME  END TIME  TOTAL  REMARK,97.72%,,485
250,6VTRX08,SKY55446+REV5,D  START TIME  END TIME  TOTAL,D  START TIME  END TIME  TOTAL,78.31%,,1335
952,6VTRX08,SKY55446+REV4,D                START TIME    END TIME       TOTAL      REMARK,D                START TIME    END TIME       TOTAL      REMARK,98.49%,21352,323
,6VTRX08,SKY55446+REV4,D                START TIME    END TIME       TOTAL      REMARK,D                START TIME    END TIME       TOTAL      REMARK,99.38%,21354,132
897,6VTRX08,SKY55446+REV4,D                START TIME    END TIME       TOTAL      REMARK,D                START TIME    END TIME       TOTAL      REMARK,97.11%,21218,614
929,6VTRX08,SKY55446+REV4,D                START TIME    END TIME       TOTAL      REMARK,D                START TIME    END TIME       TOTAL      REMARK,97.66%,21291,499
,6VTRX08,SKY55446+REV4,D                START TIME    END TIME       TOTAL      REMARK,D                START TIME    END TIME       TOTAL      REMARK,99.61%,21284,83
908,6VTRX08,SKY55446+REV4,D                START TIME    END TIME       TOTAL      REMARK,D                START TIME    END TIME       TOTAL      REMARK,96.71%,21299,700
,6VTRX08,SKY55446+REV4,D                START TIME    END TIME       TOTAL      REMARK,D                START TIME    END TIME       TOTAL      REMARK,99.38%,21002,131
902,6VTRX08,SKY55446+REV4,D                START TIME    END TIME       TOTAL      REMARK,D                START TIME    END TIME       TOTAL      REMARK,98.35%,20883,345
4959202.1 DEEAPE,6VTRX08,SKY55446+REV4,D                START TIME    END TIME       TOTAL      REMARK,D                START TIME    END TIME       TOTAL      REMARK,100.00%,4992,0
,6VTRX08,SKY55446+REV4,D                START TIME    END TIME       TOTAL      REMARK,D                START TIME    END TIME       TOTAL      REMARK,99.32%,17049,116
493,6VTRX08,SKY55446+REV4,D                START TIME    END TIME       TOTAL      REMARK,D                START TIME    END TIME       TOTAL      REMARK,96.08%,17102,671
4960999.1,6VTRX08,SKY58455-Laterales-81,10/22/2024 15:56,10/22/2024 17:49,98.83%,,114
4960999.1,6VTRX08,SKY58455-Laterales-81,10/22/2024 15:56,10/22/2024 17:26,97.11%,,282
GOMA-93,6VTRX08,SKY55446+REV3,10/1/2024 23:20,10/1/2024 23:30,6.37%,204,191
PRUEBA,6VTRX08,SKY53923-11 STR,10/11/2024 15:50,10/11/2024 15:56,94.00%,150,9
PRUEBAS TAPE,6VTRX08,SKY55446+REV3,10/2/2024 9:56,10/2/2024 10:16,5.00%,240,228
TEST 1.6X1.8 1,6VTRX08,SKY55476-12 STR,10/28/2024 11:07,10/28/2024 13:34,86.68%,,112
5,6VTRX08,SKY55476-12 STR,D  START TIME  END TIME  TOTAL,D  START TIME  END TIME  TOTAL,89.89%,,167
6,6VTRX08,SKY55476-12 STR,D  START TIME  END TIME  TOTAL,D  START TIME  END TIME  TOTAL,85.09%,,200
TEST 1.6X1.8 5 DETAPE,6VTRX08,SKY55476-12 STR,10/29/2024 10:20,10/29/2024 10:52,100.00%,,0
121,6VTRX08,SKY55476-12 STR,D  START TIME  END TIME  TOTAL,D  START TIME  END TIME  TOTAL,88.91%,,172
41,6VTRX08,SKY55476-12 STR,D  START TIME  END TIME  TOTAL,D  START TIME  END TIME  TOTAL,93.25%,,68
TEST 1.6X1.8 6 DETAPE,6VTRX08,SKY55476-12 STR,10/29/2024 15:30,10/29/2024 16:28,100.00%,,0
24,6VTRX08,SKY55476-12 STR,D  START TIME  END TIME  TOTAL,D  START TIME  END TIME  TOTAL,90.68%,,98
35,6VTRX08,SKY55476-12 STR,D  START TIME  END TIME  TOTAL,D  START TIME  END TIME  TOTAL,93.43%,,48
143,6VTRX08,SKY55476-12 STR,D  START TIME  END TIME  TOTAL,D  START TIME  END TIME  TOTAL,91.67%,,131
5,6VTRX08,SKY55476-12 STR,D  START TIME  END TIME  TOTAL,D  START TIME  END TIME  TOTAL,87.20%,,48
139,6VTRX08,SKY55476-12 STR,D  START TIME  END TIME  TOTAL,D  START TIME  END TIME  TOTAL,89.55%,,163
TEST 1.6X1.8,6VTRX08,SKY58486-12 STR,10/28/2024 10:04,10/28/2024 10:08,0.00%,,0
